instrument,item,key,scale,polarity
PHQ-8,1,PHQ8_1_NoInterest,Depression,1
PHQ-8,2,PHQ8_2_Depressed,Depression,1
PHQ-8,3,PHQ8_3_Sleep,Depression,1
PHQ-8,4,PHQ8_4_Tired,Depression,1
PHQ-8,5,PHQ8_5_Appetite,Depression,1
PHQ-8,6,PHQ8_6_Failure,Depression,1
PHQ-8,7,PHQ8_7_Concentration,Depression,1
PHQ-8,8,PHQ8_8_Psychomotor,Depression,1
PCL-C,1,PCL-C_1_Memories,PTSD,1
PCL-C,2,PCL-C_2_Dreams,PTSD,1
PCL-C,3,PCL-C_3_Reliving,PTSD,1
PCL-C,4,PCL-C_4_Upset,PTSD,1
PCL-C,5,PCL-C_5_Physical,PTSD,1
PCL-C,6,PCL-C_6_ThoughtAvoidance,PTSD,1
PCL-C,7,PCL-C_7_ActivityAvoidance,PTSD,1
PCL-C,8,PCL-C_8_TroubleRemembering,PTSD,1
PCL-C,9,PCL-C_9_NoInterest,PTSD,1
PCL-C,10,PCL-C_10_FeelDistant,PTSD,1
PCL-C,11,PCL-C_11_FeelNumb,PTSD,1
PCL-C,12,PCL-C_12_Future_Cut_Short,PTSD,1
PCL-C,13,PCL-C_13_Sleep,PTSD,1
PCL-C,14,PCL-C_14_Irritability,PTSD,1
PCL-C,15,PCL-C_15_Concentration,PTSD,1
PCL-C,16,PCL-C_16_HyperAlert,PTSD,1
PCL-C,17,PCL-C_17_Jumpy,PTSD,1
WAI-C,1,WAI-C_1,Bond,-1
WAI-C,2,WAI-C_2,Task,1
WAI-C,3,WAI-C_3,Goal,-1
WAI-C,4,WAI-C_4,Task,1
WAI-C,5,WAI-C_5,Bond,1
WAI-C,6,WAI-C_6,Goal,1
WAI-C,7,WAI-C_7,Task,-1
WAI-C,8,WAI-C_8,Bond,1
WAI-C,9,WAI-C_9,Goal,-1
WAI-C,10,WAI-C_10,Goal,-1
WAI-C,11,WAI-C_11,Task,-1
WAI-C,12,WAI-C_12,Goal,-1
WAI-C,13,WAI-C_13,Task,1
WAI-C,14,WAI-C_14,Goal,1
WAI-C,15,WAI-C_15,Task,-1
WAI-C,16,WAI-C_16,Task,1
WAI-C,17,WAI-C_17,Bond,1
WAI-C,18,WAI-C_18,Task,1
WAI-C,19,WAI-C_19,Bond,1
WAI-C,20,WAI-C_20,Bond,-1
WAI-C,21,WAI-C_21,Bond,1
WAI-C,22,WAI-C_22,Goal,1
WAI-C,23,WAI-C_23,Bond,1
WAI-C,24,WAI-C_24,Task,1
WAI-C,25,WAI-C_25,Goal,1
WAI-C,26,WAI-C_26,Bond,1
WAI-C,27,WAI-C_27,Goal,-1
WAI-C,28,WAI-C_28,Bond,1
WAI-C,29,WAI-C_29,Bond,-1
WAI-C,30,WAI-C_30,Goal,1
WAI-C,31,WAI-C_31,Task,-1
WAI-C,32,WAI-C_32,Goal,1
WAI-C,33,WAI-C_33,Task,-1
WAI-C,34,WAI-C_34,Goal,-1
WAI-C,35,WAI-C_35,Task,1
WAI-C,36,WAI-C_36,Bond,1
WAI-T,1,WAI-T_1,Bond,-1
WAI-T,2,WAI-T_2,Task,1
WAI-T,3,WAI-T_3,Goal,-1
WAI-T,4,WAI-T_4,Task,1
WAI-T,5,WAI-T_5,Bond,1
WAI-T,6,WAI-T_6,Goal,1
WAI-T,7,WAI-T_7,Task,-1
WAI-T,8,WAI-T_8,Bond,1
WAI-T,9,WAI-T_9,Goal,-1
WAI-T,10,WAI-T_10,Goal,-1
WAI-T,11,WAI-T_11,Task,-1
WAI-T,12,WAI-T_12,Goal,-1
WAI-T,13,WAI-T_13,Task,1
WAI-T,14,WAI-T_14,Goal,1
WAI-T,15,WAI-T_15,Task,-1
WAI-T,16,WAI-T_16,Task,1
WAI-T,17,WAI-T_17,Bond,1
WAI-T,18,WAI-T_18,Task,1
WAI-T,19,WAI-T_19,Bond,1
WAI-T,20,WAI-T_20,Bond,-1
WAI-T,21,WAI-T_21,Bond,1
WAI-T,22,WAI-T_22,Goal,1
WAI-T,23,WAI-T_23,Bond,1
WAI-T,24,WAI-T_24,Task,1
WAI-T,25,WAI-T_25,Goal,1
WAI-T,26,WAI-T_26,Bond,1
WAI-T,27,WAI-T_27,Goal,-1
WAI-T,28,WAI-T_28,Bond,1
WAI-T,29,WAI-T_29,Bond,-1
WAI-T,30,WAI-T_30,Goal,1
WAI-T,31,WAI-T_31,Task,-1
WAI-T,32,WAI-T_32,Goal,1
WAI-T,33,WAI-T_33,Task,-1
WAI-T,34,WAI-T_34,Goal,-1
WAI-T,35,WAI-T_35,Task,1
WAI-T,36,WAI-T_36,Bond,1
WAI-O,1,WAI-O_1,Bond,-1
WAI-O,2,WAI-O_2,Task,1
WAI-O,3,WAI-O_3,Goal,-1
WAI-O,4,WAI-O_4,Task,1
WAI-O,5,WAI-O_5,Bond,1
WAI-O,6,WAI-O_6,Goal,1
WAI-O,7,WAI-O_7,Task,-1
WAI-O,8,WAI-O_8,Bond,1
WAI-O,9,WAI-O_9,Goal,-1
WAI-O,10,WAI-O_10,Goal,-1
WAI-O,11,WAI-O_11,Task,-1
WAI-O,12,WAI-O_12,Goal,-1
WAI-O,13,WAI-O_13,Task,1
WAI-O,14,WAI-O_14,Goal,1
WAI-O,15,WAI-O_15,Task,-1
WAI-O,16,WAI-O_16,Task,1
WAI-O,17,WAI-O_17,Bond,1
WAI-O,18,WAI-O_18,Task,1
WAI-O,19,WAI-O_19,Bond,1
WAI-O,20,WAI-O_20,Bond,-1
WAI-O,21,WAI-O_21,Bond,1
WAI-O,22,WAI-O_22,Goal,1
WAI-O,23,WAI-O_23,Bond,1
WAI-O,24,WAI-O_24,Task,1
WAI-O,25,WAI-O_25,Goal,1
WAI-O,26,WAI-O_26,Bond,1
WAI-O,27,WAI-O_27,Goal,-1
WAI-O,28,WAI-O_28,Bond,1
WAI-O,29,WAI-O_29,Bond,-1
WAI-O,30,WAI-O_30,Goal,1
WAI-O,31,WAI-O_31,Task,-1
WAI-O,32,WAI-O_32,Goal,1
WAI-O,33,WAI-O_33,Task,-1
WAI-O,34,WAI-O_34,Goal,-1
WAI-O,35,WAI-O_35,Task,1
WAI-O,36,WAI-O_36,Bond,1
WAI-C-COMPASS2025,1,WAI-C-COMPASS2025_1,Bond,-1
WAI-C-COMPASS2025,2,WAI-C-COMPASS2025_2,Task,1
WAI-C-COMPASS2025,3,WAI-C-COMPASS2025_3,Goal,-1
WAI-C-COMPASS2025,4,WAI-C-COMPASS2025_4,Task,1
WAI-C-COMPASS2025,5,WAI-C-COMPASS2025_5,Bond,1
WAI-C-COMPASS2025,6,WAI-C-COMPASS2025_6,Goal,1
WAI-C-COMPASS2025,7,WAI-C-COMPASS2025_7,Task,-1
WAI-C-COMPASS2025,8,WAI-C-COMPASS2025_8,Bond,1
WAI-C-COMPASS2025,9,WAI-C-COMPASS2025_9,Goal,-1
WAI-C-COMPASS2025,10,WAI-C-COMPASS2025_10,Goal,-1
WAI-C-COMPASS2025,11,WAI-C-COMPASS2025_11,Task,-1
WAI-C-COMPASS2025,12,WAI-C-COMPASS2025_12,Goal,-1
WAI-C-COMPASS2025,13,WAI-C-COMPASS2025_13,Task,1
WAI-C-COMPASS2025,14,WAI-C-COMPASS2025_14,Goal,1
WAI-C-COMPASS2025,15,WAI-C-COMPASS2025_15,Task,-1
WAI-C-COMPASS2025,16,WAI-C-COMPASS2025_16,Task,1
WAI-C-COMPASS2025,17,WAI-C-COMPASS2025_17,Bond,1
WAI-C-COMPASS2025,18,WAI-C-COMPASS2025_18,Task,1
WAI-C-COMPASS2025,19,WAI-C-COMPASS2025_19,Bond,1
WAI-C-COMPASS2025,20,WAI-C-COMPASS2025_20,Bond,-1
WAI-C-COMPASS2025,21,WAI-C-COMPASS2025_21,Bond,1
WAI-C-COMPASS2025,22,WAI-C-COMPASS2025_22,Goal,1
WAI-C-COMPASS2025,23,WAI-C-COMPASS2025_23,Bond,1
WAI-C-COMPASS2025,24,WAI-C-COMPASS2025_24,Task,1
WAI-C-COMPASS2025,25,WAI-C-COMPASS2025_25,Goal,1
WAI-C-COMPASS2025,26,WAI-C-COMPASS2025_26,Bond,1
WAI-C-COMPASS2025,27,WAI-C-COMPASS2025_27,Goal,-1
WAI-C-COMPASS2025,28,WAI-C-COMPASS2025_28,Bond,1
WAI-C-COMPASS2025,29,WAI-C-COMPASS2025_29,Bond,-1
WAI-C-COMPASS2025,30,WAI-C-COMPASS2025_30,Goal,1
WAI-C-COMPASS2025,31,WAI-C-COMPASS2025_31,Task,-1
WAI-C-COMPASS2025,32,WAI-C-COMPASS2025_32,Goal,1
WAI-C-COMPASS2025,33,WAI-C-COMPASS2025_33,Task,-1
WAI-C-COMPASS2025,34,WAI-C-COMPASS2025_34,Goal,-1
WAI-C-COMPASS2025,35,WAI-C-COMPASS2025_35,Task,1
WAI-C-COMPASS2025,36,WAI-C-COMPASS2025_36,Bond,1
