domain,construct,subconstruct,level,definition,source_url
Negative Valence Systems,,,domain,"Negative Valence Systems are primarily responsible for responses to aversive situations or context, such as fear, anxiety, and loss.",https://www.nimh.nih.gov/research/research-funded-by-nimh/rdoc/constructs/negative-valence-systems
Negative Valence Systems,"Acute Threat (""Fear"")",,construct,"Activation of the brain’s defensive motivational system to promote behaviors that protect the organism from perceived danger. Normal fear involves a pattern of adaptive responses to conditioned or unconditioned threat stimuli (exteroceptive or interoceptive). Fear can involve internal representations and cognitive processing, and can be modulated by a variety of factors.",https://www.nimh.nih.gov/research/research-funded-by-nimh/rdoc/constructs/acute-threat-fear
Negative Valence Systems,"Potential Threat (""Anxiety"")",,construct,"Activation of a brain system in which harm may potentially occur but is distant, ambiguous, or low/uncertain in probability, characterized by a pattern of responses such as enhanced risk assessment (vigilance). These responses to low imminence threats are qualitatively different than the high imminence threat behaviors that characterize fear.",https://www.nimh.nih.gov/research/research-funded-by-nimh/rdoc/constructs/potential-threat-anxiety
Negative Valence Systems,Sustained Threat,,construct,"An aversive emotional state caused by prolonged (i.e., weeks to months) exposure to internal and/or external condition(s), state(s), or stimuli that are adaptive to escape or avoid. The exposure may be actual or anticipated; the changes in affect, cognition, physiology, and behavior caused by sustained threat persist in the absence of the threat, and can be differentiated from those changes evoked by acute threat.",https://www.nimh.nih.gov/research/research-funded-by-nimh/rdoc/constructs/sustained-threat
Negative Valence Systems,Loss,,construct,"A state of deprivation of a motivationally significant con-specific, object, or situation. Loss may be social or non-social and may include permanent or sustained loss of shelter, behavioral control, status, loved ones, or relationships. The response to loss may be episodic (e.g., grief) or sustained.",https://www.nimh.nih.gov/research/research-funded-by-nimh/rdoc/constructs/loss
Negative Valence Systems,Frustrative Nonreward,,construct,"Reactions elicited in response to withdrawal/prevention of reward, i.e., by the inability to obtain positive rewards following repeated or sustained efforts.",https://www.nimh.nih.gov/research/research-funded-by-nimh/rdoc/constructs/frustrative-nonreward
Positive Valence Systems,,,domain,"Positive Valence Systems primarily responsible for responses to positive motivational situations or contexts, such as reward seeking, consummatory behavior, and reward/habit learning.",https://www.nimh.nih.gov/research/research-funded-by-nimh/rdoc/constructs/positive-valence-systems
Positive Valence Systems,Reward Responsiveness,,construct,"Processes that govern an organism’s hedonic response to impending or possible reward (as reflected in reward anticipation), the receipt of reward (as reflected in initial response to reward) and following repeated receipt of reward (as in reward satiation); across these subdomains, reward responsiveness primarily reflects neural activity to receipt of reward and reward cues and can also be measured in terms of subjective and behavioral responses.",https://www.nimh.nih.gov/research/research-funded-by-nimh/rdoc/constructs/reward-responsiveness
Positive Valence Systems,Reward Responsiveness,Reward Anticipation,subconstruct,"Processes associated with the ability to anticipate and/or represent a future incentive—as reflected in language expression, behavioral responses, and/or engagement of the neural systems to cues about a future positive reinforcer.",https://www.nimh.nih.gov/research/research-funded-by-nimh/rdoc/constructs/reward-anticipation
Positive Valence Systems,Reward Responsiveness,Initial Response to Reward,subconstruct,Processes evoked by the initial presentation of a positive reinforcer as reflected by indices of neuronal activity and verbal or behavioral responses.,https://www.nimh.nih.gov/research/research-funded-by-nimh/rdoc/constructs/initial-response-to-reward
Positive Valence Systems,Reward Responsiveness,Reward Satiation,subconstruct,"Processes associated with the change in incentive value of a reinforcer over time as that reinforcer is consumed or experienced, as reflected in language expression, behavioral responses, and/or engagement of the neural systems.",https://www.nimh.nih.gov/research/research-funded-by-nimh/rdoc/constructs/reward-satiation
Positive Valence Systems,Reward Learning,,construct,"A process by which organisms acquire information about stimuli, actions, and contexts that predict positive outcomes, and by which behavior is modified when a novel reward occurs, or outcomes are better than expected. Reward learning is a type of reinforcement learning.",https://www.nimh.nih.gov/research/research-funded-by-nimh/rdoc/constructs/reward-learning
Positive Valence Systems,Reward Learning,Probabilistic and Reinforcement Learning,subconstruct,"The ability to learn which actions or stimuli are associated with obtaining a reinforcer, even when a particular action or stimulus is not always associated with obtaining the reinforcer.",https://www.nimh.nih.gov/research/research-funded-by-nimh/rdoc/definitions-of-the-rdoc-domains-and-constructs#positive
Positive Valence Systems,Reward Learning,Reward Prediction Error,subconstruct,Processes associated with the difference between anticipated and obtained rewards are important for reinforcement learning. The error can indicate that the reward received was either larger than expected (positive prediction error) or smaller than expected (negative prediction error).,https://www.nimh.nih.gov/research/research-funded-by-nimh/rdoc/constructs/reward-prediction-error
Positive Valence Systems,Reward Learning,Habit - PVS,subconstruct,"Sequential, repetitive, motor, or cognitive behaviors elicited by external or internal triggers that, once initiated, can go to completion without constant conscious oversight. Habits can be adaptive by virtue of freeing up cognitive resources. Habit formation is a frequent consequence of reward learning, but its expression can become resistant to changes in outcome value. Related behaviors could be pathological expression of a process that under normal circumstances subserves adaptive goals.",https://www.nimh.nih.gov/research/research-funded-by-nimh/rdoc/constructs/habit-pvs
Positive Valence Systems,Reward Valuation,,construct,"Processes by which the probability and benefits of a prospective outcome are computed by reference to external information, social context (e.g., group input), and/or prior experience. This computation is influenced by preexisting biases, learning, memory, stimulus characteristics, and deprivation states. Reward valuation may involve the assignment of incentive salience to stimuli.",https://www.nimh.nih.gov/research/research-funded-by-nimh/rdoc/constructs/reward-valuation
Positive Valence Systems,Reward Valuation,Reward (probability),subconstruct,"Process by which the value of a reinforcer is computed as a function of its magnitude, valence and predictability.",https://www.nimh.nih.gov/research/research-funded-by-nimh/rdoc/constructs/reward-probability
Positive Valence Systems,Reward Valuation,Delay,subconstruct,Processes by which the value of a reinforcer is computed as a function of its magnitude and the time interval prior to its expected delivery.,https://www.nimh.nih.gov/research/research-funded-by-nimh/rdoc/constructs/delay
Positive Valence Systems,Reward Valuation,Effort,subconstruct,Processes by which the value of a reinforcer is computed as a function of its magnitude and the perceived costs of the physical or cognitive effort required to obtain it.,https://www.nimh.nih.gov/research/research-funded-by-nimh/rdoc/constructs/effort
Cognitive Systems,,,domain,Cognitive Systems are responsible for various cognitive processes.,https://www.nimh.nih.gov/research/research-funded-by-nimh/rdoc/constructs/cognitive-systems
Cognitive Systems,Attention,,construct,"Attention refers to a range of processes that regulate access to capacity-limited systems, such as awareness, higher perceptual processes, and motor action. The concepts of capacity limitation and competition are inherent to the concepts of selective and divided attention.",https://www.nimh.nih.gov/research/research-funded-by-nimh/rdoc/constructs/attention
Cognitive Systems,Perception,,construct,"Perception refers to the process(es) that perform computations on sensory data to construct and transform representations of the external environment, acquire information from, and make predictions about, the external world, and guide action.",https://www.nimh.nih.gov/research/research-funded-by-nimh/rdoc/constructs/perception
Cognitive Systems,Perception,Visual Perception,subconstruct,,https://www.nimh.nih.gov/research/research-funded-by-nimh/rdoc/constructs/visual-perception
Cognitive Systems,Perception,Auditory Perception,subconstruct,,https://www.nimh.nih.gov/research/research-funded-by-nimh/rdoc/constructs/auditory-perception
Cognitive Systems,Perception,Olfactory/Somatosensory/Multimodal/Perception,subconstruct,,https://www.nimh.nih.gov/research/research-funded-by-nimh/rdoc/constructs/olfactory-somatosensory-multimodal-perception
Cognitive Systems,Declarative Memory,,construct,"Declarative memory is the acquisition or encoding, storage and consolidation, and retrieval of representations of facts and events. Declarative memory provides the critical substrate for relational representations—i.e., for spatial, temporal, and other contextual relations among items, contributing to representations of events (episodic memory) and the integration and organization of factual knowledge (semantic memory). These representations facilitate the inferential and flexible extraction of new information from these relationships.",https://www.nimh.nih.gov/research/research-funded-by-nimh/rdoc/constructs/declarative-memory
Cognitive Systems,Language,,construct,"Language is a system of shared symbolic representations of the world, the self and abstract concepts that supports thought and communication.",https://www.nimh.nih.gov/research/research-funded-by-nimh/rdoc/constructs/language-behavior
Cognitive Systems,Cognitive Control,,construct,"A system that modulates the operation of other cognitive and emotional systems, in the service of goal-directed behavior, when prepotent modes of responding are not adequate to meet the demands of the current context. Additionally, control processes are engaged in the case of novel contexts, where appropriate responses need to be selected from among competing alternatives.",https://www.nimh.nih.gov/research/research-funded-by-nimh/rdoc/constructs/cognitive-control
Cognitive Systems,Cognitive Control,"Goal Selection; Updating, Representation, and Maintenance",subconstruct,"Goal selection refers the cognitive process of choosing among potential outcomes, actions, or behaviors, and can be considered as a component process of cognitive control. Goal updating involves refreshing the cognitive content related to specific potential outcomes, actions, or behaviors, and can be considered a component process of cognitive control.",https://www.nimh.nih.gov/research/research-funded-by-nimh/rdoc/constructs/goal-selection-updating-representation-and-maintenance
Cognitive Systems,Cognitive Control,Response Selection; Inhibition/Suppression,subconstruct,,https://www.nimh.nih.gov/research/research-funded-by-nimh/rdoc/constructs/suppression
Cognitive Systems,Cognitive Control,Performance Monitoring,subconstruct,,https://www.nimh.nih.gov/research/research-funded-by-nimh/rdoc/constructs/performance-monitoring
Cognitive Systems,Working Memory,,construct,"Working Memory is the active maintenance and flexible updating of goal/task relevant information (items, goals, strategies, etc.) in a form that has limited capacity and resists interference. These representations: may involve flexible binding of representations; may be characterized by the absence of external support for the internally maintained representations; and are frequently temporary, though this may be due to ongoing interference. It involves active maintenance, flexible updating, limited capacity, and interference control.",https://www.nimh.nih.gov/research/research-funded-by-nimh/rdoc/constructs/working-memory
Cognitive Systems,Working Memory,Active Maintenance,subconstruct,,https://www.nimh.nih.gov/research/research-funded-by-nimh/rdoc/constructs/active-maintenance
Cognitive Systems,Working Memory,Flexible Updating,subconstruct,,https://www.nimh.nih.gov/research/research-funded-by-nimh/rdoc/constructs/flexible-updating
Cognitive Systems,Working Memory,Limited Capacity,subconstruct,,https://www.nimh.nih.gov/research/research-funded-by-nimh/rdoc/constructs/limited-capacity
Cognitive Systems,Working Memory,Interference Control,subconstruct,,https://www.nimh.nih.gov/research/research-funded-by-nimh/rdoc/constructs/interference-control
Social Processes,,,domain,"Systems for Social Processes mediate responses to interpersonal settings of various types, including perception and interpretation of others’ actions.",https://www.nimh.nih.gov/research/research-funded-by-nimh/rdoc/constructs/social-processes
Social Processes,Affiliation and Attachment,,construct,"Affiliation is engagement in positive social interactions with other individuals. Attachment is selective affiliation as a consequence of the development of a social bond. Affiliation and Attachment are moderated by social information processing (processing of social cues) and social motivation. Affiliation is a behavioral consequence of social motivation and can manifest itself in social approach behaviors. Affiliation and Attachment require detection of and attention to social cues, as well as social learning and memory associated with the formation of relationships. Affiliation and Attachment include both the positive physiological consequences of social interactions and the behavioral and physiological consequences of disruptions to social relationships. Clinical manifestations of disruptions in Affiliation and Attachment include social withdrawal, social indifference and anhedonia, and over-attachment.",https://www.nimh.nih.gov/research/research-funded-by-nimh/rdoc/constructs/affiliation-and-attachment
Social Processes,Social Communication,,construct,"A dynamic process that includes both receptive and productive aspects used for exchange of socially relevant information. Social communication is essential for the integration and maintenance of the individual in the social environment. This Construct is reciprocal and interactive, and social communication abilities may appear very early in life. Social communication is distinguishable from other cognitive systems (e.g., perception, cognitive control, memory, attention) in that it particularly involves interactions with conspecifics. The underlying neural substrates of social communication evolved to support both automatic/reflexive and volitional control, including the motivation and ability to engage in social communication. Receptive aspects may be implicit or explicit; examples include affect recognition, facial recognition and characterization. Productive aspects include eye contact, expressive reciprocation, and gaze following. Although facial communication was set aside as a separate sub-construct for the purposes of identifying matrix elements, social communication typically utilizes information from several modalities, including facial, vocal, gestural, postural, and olfactory processing.",https://www.nimh.nih.gov/research/research-funded-by-nimh/rdoc/constructs/social-communication
Social Processes,Social Communication,Reception of Facial Communication,subconstruct,The capacity to perceive someone’s emotional state non-verbally based on facial expressions.,https://www.nimh.nih.gov/research/research-funded-by-nimh/rdoc/definitions-of-the-rdoc-domains-and-constructs#social
Social Processes,Social Communication,Production of Facial Communication,subconstruct,The capacity to convey one's emotional state non-verbally via facial expression.,https://www.nimh.nih.gov/research/research-funded-by-nimh/rdoc/constructs/production-of-facial-communication
Social Processes,Social Communication,Reception of Non-Facial Communication,subconstruct,"The capacity to perceive social and emotional information based on modalities other than facial expression, including non-verbal gestures, affective prosody, distress calling, cooing, etc.",https://www.nimh.nih.gov/research/research-funded-by-nimh/rdoc/constructs/reception-of-non-facial-communication
Social Processes,Social Communication,Production of Non-Facial Communication,subconstruct,"The capacity to express social and emotional information based on modalities other than facial expression, including non-verbal gestures, affective prosody, distress calling, cooing, etc.",https://www.nimh.nih.gov/research/research-funded-by-nimh/rdoc/constructs/production-of-non-facial-communication
Social Processes,Perception and Understanding of Self,,construct,"The processes and/or representations involved in being aware of, accessing knowledge about, and/or making judgments about the self. These processes/representations can include current cognitive or emotional internal states, traits, and/or abilities, either in isolation or in relationship to others, as well as the mechanisms that support self-awareness, self-monitoring, and self-knowledge. Perception and Understanding of Self was organized into the following sub-constructs:",https://www.nimh.nih.gov/research/research-funded-by-nimh/rdoc/constructs/perception-and-understanding-of-self
Social Processes,Perception and Understanding of Self,Agency,subconstruct,"The ability to recognize one's self as the agent of one's actions and thoughts, including the recognition of one's own body/body parts.",https://www.nimh.nih.gov/research/research-funded-by-nimh/rdoc/constructs/agency
Social Processes,Perception and Understanding of Self,Self-Knowledge,subconstruct,"The ability to make judgments about one's current cognitive or emotional internal states, traits, and/or abilities.",https://www.nimh.nih.gov/research/research-funded-by-nimh/rdoc/constructs/self-knowledge
Social Processes,Perception and Understanding of Others,,construct,"The processes and/or representations involved in being aware of, accessing knowledge about, reasoning about, and/or making judgments about other animate entities, including information about cognitive or emotional states, traits or abilities.",https://www.nimh.nih.gov/research/research-funded-by-nimh/rdoc/constructs/perception-and-understanding-of-others
Social Processes,Perception and Understanding of Others,Animacy Perception,subconstruct,"The ability to appropriately perceive that another entity is an agent (i.e., has a face, interacts contingently, and exhibits biological motion).",https://www.nimh.nih.gov/research/research-funded-by-nimh/rdoc/constructs/animacy-perception
Social Processes,Perception and Understanding of Others,Action Perception,subconstruct,The ability to perceive the purpose of an action being performed by an animate entity.,https://www.nimh.nih.gov/research/research-funded-by-nimh/rdoc/definitions-of-the-rdoc-domains-and-constructs#social
Social Processes,Perception and Understanding of Others,Understanding Mental States,subconstruct,"The ability to make judgments and/or attributions about the mental state of other animate entities that allows one to predict or interpret their behaviors. Mental state refers to intentions, beliefs, desires, and emotions.",https://www.nimh.nih.gov/research/research-funded-by-nimh/rdoc/constructs/understanding-mental-states
Arousal and Regulatory Systems,,,domain,"Arousal/Regulatory Systems are responsible for generating activation of neural systems as appropriate for various contexts, and providing appropriate homeostatic regulation of such systems as energy balance and sleep.",https://www.nimh.nih.gov/research/research-funded-by-nimh/rdoc/constructs/arousal-and-regulatory-systems
Arousal and Regulatory Systems,Arousal,,construct,"Arousal is a continuum of sensitivity of the organism to stimuli, both external and internal. Arousal: 1. Facilitates interaction with the environment in a context-specific manner (e.g., under conditions of threat, some stimuli must be ignored while sensitivity to and responses to others is enhanced, as exemplified in the startle reflex), 2. Can be evoked by either external/environmental stimuli or internal stimuli (e.g., emotions and cognition), 3. Can be modulated by the physical characteristics and motivational significance of stimuli, 4. Varies along a continuum that can be quantified in any behavioral state, including wakefulness and low-arousal states including sleep, anesthesia, and coma, 5. Is distinct from motivation and valence but can covary with intensity of motivation and valence, 6. May be associated with increased or decreased locomotor activity, and 7. Can be regulated by homeostatic drives (e.g., hunger, sleep, thirst, sex).",https://www.nimh.nih.gov/research/research-funded-by-nimh/rdoc/constructs/arousal
Arousal and Regulatory Systems,Circadian Rhythms,,construct,"Circadian Rhythms are endogenous self-sustaining oscillations that organize the timing of biological systems to optimize physiology and behavior, and health. Circadian Rhythms: 1. Are synchronized by recurring environmental cues; 2. Anticipate the external environment; 3. Allow effective response to challenges and opportunities in the physical and social environment; 4. Modulate homeostasis within the brain and other (central/peripheral) systems, tissues and organs; 5. Are evident across levels of organization including molecules, cells, circuits, systems, organisms, and social systems.",https://www.nimh.nih.gov/research/research-funded-by-nimh/rdoc/constructs/circadian-rhythms
Arousal and Regulatory Systems,Sleep-Wakefulness,,construct,"Sleep and wakefulness are endogenous, recurring, behavioral states that reflect coordinated changes in the dynamic functional organization of the brain and that optimize physiology, behavior, and health. Homeostatic and circadian processes regulate the propensity for wakefulness and sleep. Sleep: 1. Is reversible, typically characterized by postural recumbence, behavioral quiescence, and reduced responsiveness; 2. Has a complex architecture with predictable cycling of NREM/REM states or their developmental equivalents. NREM and REM sleep have distinct neural substrates (circuitry, transmitters, modulators) and EEG oscillatory properties 3. Intensity and duration is affected by homeostatic regulation; 4. Is affected by experiences during wakefulness; 5. Is evident at cellular, circuit, and system levels; 6. Has restorative and transformative effects that optimize neurobehavioral functions during wakefulness.",https://www.nimh.nih.gov/research/research-funded-by-nimh/rdoc/constructs/sleep-wakefulness
Sensorimotor Systems,,,domain,"Sensorimotor Systems are primarily responsible for the control and execution of motor behaviors, and their refinement during learning and development.",https://www.nimh.nih.gov/research/research-funded-by-nimh/rdoc/constructs/sensorimotor-systems
Sensorimotor Systems,Motor Actions,,construct,"A multifaceted construct comprising the processes that must be engaged during the planning and execution of a motor action in a context-appropriate manner. Component processes include action planning and selection, sensorimotor dynamics, initiation, execution, and inhibition and termination. Of note, these processes will often be recruited in conjunction with motivational processes described in other domains, as when appetitive motivations drive approach behaviors. This construct explicitly includes the modulation and refinement of actions during development and learning. The list of subconstructs is not intended to imply a specific order or sequence.",https://www.nimh.nih.gov/research/research-funded-by-nimh/rdoc/constructs/motor-actions
Sensorimotor Systems,Motor Actions,Action Planning and Selection,subconstruct,"Processes whereby an individual engages a plan for spatial and temporal components of possible purposeful movements, which match internal and external constraints to achieve a goal. This may also include cost-benefit calculations in the development and selection of motor plans.",https://www.nimh.nih.gov/research/research-funded-by-nimh/rdoc/constructs/action-planning-and-selection
Sensorimotor Systems,Motor Actions,Sensorimotor Dynamics,subconstruct,"Processes involved in the specification/parameterization of an action plan and program based on integration of internal or external information, such as sensations and urges and modeling of body dynamics. This process is continuously and iteratively refined via sensory information and reward-reinforced information.",https://www.nimh.nih.gov/research/research-funded-by-nimh/rdoc/constructs/sensorimotor-dynamics
Sensorimotor Systems,Motor Actions,Initiation,subconstruct,Processes involved in the initiation of a selected action plan; this may include timing of movement onset.,https://www.nimh.nih.gov/research/research-funded-by-nimh/rdoc/constructs/initiation
Sensorimotor Systems,Motor Actions,Execution,subconstruct,Processes involved in the actualization and adaptation of the action implementation.,https://www.nimh.nih.gov/research/research-funded-by-nimh/rdoc/constructs/execution
Sensorimotor Systems,Motor Actions,Inhibition and Termination,subconstruct,"Processes involved in the inhibition of motor plans, either before or after an action is initiated, and the sense that a motor plan has been successfully completed. The inhibition sub-construct is commonly operationalized as motor response inhibition and has conceptual overlaps with the Inhibition/Suppression subconstruct of the Cognitive Control construct within the Cognitive Systems domain.",https://www.nimh.nih.gov/research/research-funded-by-nimh/rdoc/constructs/inhibition-and-termination
Sensorimotor Systems,Agency and Ownership,,construct,"The sense that one is initiating, executing, and in control of one’s volitional actions and their sensory consequences and the sense that one’s body or body parts belong to oneself. This may include the comparison of the predicted and actual sensory consequences of one’s action, awareness of the intention to move, temporal binding of self-generated action and their immediate effects, and attenuation of sensory consequences of self-generated actions.",https://www.nimh.nih.gov/research/research-funded-by-nimh/rdoc/constructs/agency-and-ownership
Sensorimotor Systems,Habit - Sensorimotor,,construct,"Learned stimulus-response mappings triggered by internal or external stimuli that are autonomous of the current value of the outcome or goal. Habits may include overlearned sequences. Habits are implicit and efficient, requiring few cognitive resources, but can also be maladaptive under novel circumstances. Habits are based on previous positively or negatively reinforced learning and commonly occur after extended learning. Both habit formation and expression are commonly operationalized within motor control systems. When habit formation is motivated by reward learning it overlaps with the Habit construct within the Positive Valence domain.",https://www.nimh.nih.gov/research/research-funded-by-nimh/rdoc/constructs/habit-sensorimotor
Sensorimotor Systems,Innate Motor Patterns,,construct,"Unlearned action plans that may be triggered by internal or external stimuli. This can include such behaviors as stereotyped expressions of affect, orientation to salience, innate approach and withdrawal phenomena, and startle responses.",https://www.nimh.nih.gov/research/research-funded-by-nimh/rdoc/constructs/innate-motor-patterns
