instrument,item,key,text,scale,polarity,hypothesis,atoms
PHQ-8,1,PHQ8_1_NoInterest,Little interest or pleasure in doing things,Depression,1,I have little interest or pleasure in doing things.,I have little interest in doing things. || I have little pleasure in doing things.
PHQ-8,2,PHQ8_2_Depressed,"Feeling down, depressed, or hopeless",Depression,1,"I feel down, depressed, or hopeless.",I feel down. || I feel depressed. || I feel hopeless.
PHQ-8,3,PHQ8_3_Sleep,"Trouble falling or staying asleep, or sleeping too much",Depression,1,"I have trouble falling or staying asleep, or I sleep too much.",I have trouble falling asleep. || I have trouble staying asleep. || I sleep too much.
PHQ-8,4,PHQ8_4_Tired,Feeling tired or having little energy,Depression,1,I feel tired or have little energy.,I feel tired. || I have little energy.
PHQ-8,5,PHQ8_5_Appetite,Poor appetite or overeating,Depression,1,I have a poor appetite or I overeat.,I have a poor appetite. || I overeat.
PHQ-8,6,PHQ8_6_Failure,"Feeling bad about yourself, or that you are a failure or have let yourself or your family down",Depression,1,"I feel bad about myself, that I am a failure or have let myself or my family down.",I feel bad about myself. || I feel like a failure. || I have let myself or my family down.
PHQ-8,7,PHQ8_7_Concentration,"Trouble concentrating on things, such as reading the newspaper or watching television",Depression,1,I have trouble concentrating on things.,I have trouble concentrating on things.
PHQ-8,8,PHQ8_8_Psychomotor,"Moving or speaking so slowly that other people could have noticed, or the opposite, being so fidgety or restless that you have been moving around a lot more than usual",Depression,1,"I move or speak so slowly that others notice, or I am so fidgety and restless that I move around a lot.",I move or speak so slowly that other people notice. || I am fidgety and restless.
PCL-C,1,PCL-C_1_Memories,"Repeated, disturbing memories, thoughts, or images of a stressful experience from the past?",PTSD,1,"I have repeated, disturbing memories, thoughts, or images of a stressful experience.","I have repeated, disturbing memories of a stressful experience."
PCL-C,2,PCL-C_2_Dreams,"Repeated, disturbing dreams of a stressful experience from the past?",PTSD,1,"I have repeated, disturbing dreams of a stressful experience.","I have repeated, disturbing dreams of a stressful experience."
PCL-C,3,PCL-C_3_Reliving,Suddenly acting or feeling as if a stressful experience were happening again (as if you were reliving it)?,PTSD,1,I suddenly act or feel as if a stressful experience were happening again.,I suddenly feel as if a stressful experience were happening again.
PCL-C,4,PCL-C_4_Upset,Feeling very upset when something reminded you of a stressful experience from the past?,PTSD,1,I feel very upset when something reminds me of a stressful experience.,I feel very upset when something reminds me of a stressful experience.
PCL-C,5,PCL-C_5_Physical,"Having physical reactions (e.g., heart pounding, trouble breathing, or sweating) when something reminded you of a stressful experience from the past?",PTSD,1,"I have physical reactions, like a pounding heart, trouble breathing, or sweating, when something reminds me of a stressful experience.","I have physical reactions, like a pounding heart or sweating, when something reminds me of a stressful experience."
PCL-C,6,PCL-C_6_ThoughtAvoidance,Avoid thinking about or talking about a stressful experience from the past or avoid having feelings related to it?,PTSD,1,"I avoid thinking or talking about a stressful experience, or avoid having feelings about it.",I avoid thinking or talking about a stressful experience. || I avoid having feelings about a stressful experience.
PCL-C,7,PCL-C_7_ActivityAvoidance,Avoid activities or situations because they remind you of a stressful experience from the past?,PTSD,1,I avoid activities or situations because they remind me of a stressful experience.,I avoid activities or situations because they remind me of a stressful experience.
PCL-C,8,PCL-C_8_TroubleRemembering,Trouble remembering important parts of a stressful experience from the past?,PTSD,1,I have trouble remembering important parts of a stressful experience.,I have trouble remembering important parts of a stressful experience.
PCL-C,9,PCL-C_9_NoInterest,Loss of interest in things that you used to enjoy?,PTSD,1,I have lost interest in things that I used to enjoy.,I have lost interest in things that I used to enjoy.
PCL-C,10,PCL-C_10_FeelDistant,Feeling distant or cut off from other people?,PTSD,1,I feel distant or cut off from other people.,I feel distant from other people. || I feel cut off from other people.
PCL-C,11,PCL-C_11_FeelNumb,Feeling emotionally numb or being unable to have loving feelings for those close to you?,PTSD,1,I feel emotionally numb or unable to have loving feelings for those close to me.,I feel emotionally numb. || I am unable to have loving feelings for those close to me.
PCL-C,12,PCL-C_12_Future_Cut_Short,Feeling as if your future will somehow be cut short?,PTSD,1,I feel as if my future will somehow be cut short.,I feel as if my future will somehow be cut short.
PCL-C,13,PCL-C_13_Sleep,Trouble falling or staying asleep?,PTSD,1,I have trouble falling or staying asleep.,I have trouble falling asleep. || I have trouble staying asleep.
PCL-C,14,PCL-C_14_Irritability,Feeling irritable or having angry outbursts?,PTSD,1,I feel irritable or have angry outbursts.,I feel irritable. || I have angry outbursts.
PCL-C,15,PCL-C_15_Concentration,Having difficulty concentrating?,PTSD,1,I have difficulty concentrating.,I have difficulty concentrating.
PCL-C,16,PCL-C_16_HyperAlert,Being “super alert” or watchful on guard?,PTSD,1,"I am super alert, watchful, or on guard.",I am super alert or watchful. || I am on guard.
PCL-C,17,PCL-C_17_Jumpy,Feeling jumpy or easily startled?,PTSD,1,I feel jumpy or easily startled.,I feel jumpy. || I am easily startled.
